,Month,Series_ID,Title,Employed,Moving avg,Diff
50032,1990 Jan,CEU4200000001,Retail Trade,13255.8,,
50033,1990 Feb,CEU4200000001,Retail Trade,12966.3,,
50034,1990 Mar,CEU4200000001,Retail Trade,12938.2,,
50035,1990 Apr,CEU4200000001,Retail Trade,13012.3,,
50036,1990 May,CEU4200000001,Retail Trade,13108.3,,
50037,1990 Jun,CEU4200000001,Retail Trade,13182.8,,
50038,1990 Jul,CEU4200000001,Retail Trade,13170.1,,
50039,1990 Aug,CEU4200000001,Retail Trade,13159.5,,
50040,1990 Sep,CEU4200000001,Retail Trade,13113.4,,
50041,1990 Oct,CEU4200000001,Retail Trade,13185.2,,
50042,1990 Nov,CEU4200000001,Retail Trade,13461.9,13141.25455,-320.6454545
50043,1990 Dec,CEU4200000001,Retail Trade,13673.1,13179.19091,-493.9090909
50044,1991 Jan,CEU4200000001,Retail Trade,13068.3,13188.46364,120.1636364
50045,1991 Feb,CEU4200000001,Retail Trade,12744.2,13170.82727,426.6272727
50046,1991 Mar,CEU4200000001,Retail Trade,12684.5,13141.02727,456.5272727
50047,1991 Apr,CEU4200000001,Retail Trade,12687,13102.72727,415.7272727
50048,1991 May,CEU4200000001,Retail Trade,12780.6,13066.16364,285.5636364
50049,1991 Jun,CEU4200000001,Retail Trade,12859,13037.88182,178.8818182
50050,1991 Jul,CEU4200000001,Retail Trade,12849.1,13009.66364,160.5636364
50051,1991 Aug,CEU4200000001,Retail Trade,12871.3,12987.65455,116.3545455
50052,1991 Sep,CEU4200000001,Retail Trade,12823,12954.72727,131.7272727
50053,1991 Oct,CEU4200000001,Retail Trade,12885.6,12902.33636,16.73636364
50054,1991 Nov,CEU4200000001,Retail Trade,13150.8,12854.85455,-295.9454545
50055,1991 Dec,CEU4200000001,Retail Trade,13391.1,12884.2,-506.9
50056,1992 Jan,CEU4200000001,Retail Trade,12788.6,12888.23636,99.63636364
50057,1992 Feb,CEU4200000001,Retail Trade,12586.1,12879.29091,293.1909091
50058,1992 Mar,CEU4200000001,Retail Trade,12547.8,12866.63636,318.8363636
50059,1992 Apr,CEU4200000001,Retail Trade,12636.3,12853.51818,217.2181818
50060,1992 May,CEU4200000001,Retail Trade,12740.4,12842.73636,102.3363636
50061,1992 Jun,CEU4200000001,Retail Trade,12825.1,12840.55455,15.45454545
50062,1992 Jul,CEU4200000001,Retail Trade,12804.9,12834.51818,29.61818182
50063,1992 Aug,CEU4200000001,Retail Trade,12810.6,12833.39091,22.79090909
50064,1992 Sep,CEU4200000001,Retail Trade,12783.9,12824.14545,40.24545455
50065,1992 Oct,CEU4200000001,Retail Trade,12890.4,12800.47273,-89.92727273
50066,1992 Nov,CEU4200000001,Retail Trade,13147.6,12778.33636,-369.2636364
50067,1992 Dec,CEU4200000001,Retail Trade,13411.8,12834.99091,-576.8090909
50068,1993 Jan,CEU4200000001,Retail Trade,12849.3,12858.91818,9.618181818
50069,1993 Feb,CEU4200000001,Retail Trade,12701.7,12872.90909,171.2090909
50070,1993 Mar,CEU4200000001,Retail Trade,12654.3,12874.54545,220.2454545
50071,1993 Apr,CEU4200000001,Retail Trade,12745.3,12874.99091,129.6909091
50072,1993 May,CEU4200000001,Retail Trade,12864.2,12878.54545,14.34545455
50073,1993 Jun,CEU4200000001,Retail Trade,12975,12894.00909,-80.99090909
50074,1993 Jul,CEU4200000001,Retail Trade,13009.2,12912.06364,-97.13636364
50075,1993 Aug,CEU4200000001,Retail Trade,13048.2,12936.09091,-112.1090909
50076,1993 Sep,CEU4200000001,Retail Trade,13048.6,12950.47273,-98.12727273
50077,1993 Oct,CEU4200000001,Retail Trade,13175.2,12952.98182,-222.2181818
50078,1993 Nov,CEU4200000001,Retail Trade,13457.5,12957.13636,-500.3636364
50079,1993 Dec,CEU4200000001,Retail Trade,13755.5,13039.51818,-715.9818182
50080,1994 Jan,CEU4200000001,Retail Trade,13152.8,13080.52727,-72.27272727
50081,1994 Feb,CEU4200000001,Retail Trade,13014.9,13113.30909,98.40909091
50082,1994 Mar,CEU4200000001,Retail Trade,13051.4,13141.13636,89.73636364
50083,1994 Apr,CEU4200000001,Retail Trade,13165.3,13168.50909,3.209090909
50084,1994 May,CEU4200000001,Retail Trade,13295,13197.6,-97.4
50085,1994 Jun,CEU4200000001,Retail Trade,13428.9,13235.75455,-193.1454545
50086,1994 Jul,CEU4200000001,Retail Trade,13485.9,13275.54545,-210.3545455
50087,1994 Aug,CEU4200000001,Retail Trade,13549.4,13321.07273,-228.3272727
50088,1994 Sep,CEU4200000001,Retail Trade,13581.4,13358,-223.4
50089,1994 Oct,CEU4200000001,Retail Trade,13726.3,13382.43636,-343.8636364
50090,1994 Nov,CEU4200000001,Retail Trade,14096.8,13413.46364,-683.3363636
50091,1994 Dec,CEU4200000001,Retail Trade,14380.3,13525.05455,-855.2454545
50092,1995 Jan,CEU4200000001,Retail Trade,13775.2,13594.17273,-181.0272727
50093,1995 Feb,CEU4200000001,Retail Trade,13579.5,13642.18182,62.68181818
50094,1995 Mar,CEU4200000001,Retail Trade,13539.2,13676.17273,136.9727273
50095,1995 Apr,CEU4200000001,Retail Trade,13654.1,13708.81818,54.71818182
50096,1995 May,CEU4200000001,Retail Trade,13757.5,13738.69091,-18.80909091
50097,1995 Jun,CEU4200000001,Retail Trade,13874.5,13774.01818,-100.4818182
50098,1995 Jul,CEU4200000001,Retail Trade,13878.2,13803.90909,-74.29090909
50099,1995 Aug,CEU4200000001,Retail Trade,13908.2,13833.61818,-74.58181818
50100,1995 Sep,CEU4200000001,Retail Trade,13894,13848.86364,-45.13636364
50101,1995 Oct,CEU4200000001,Retail Trade,14006.1,13840.61818,-165.4818182
50102,1995 Nov,CEU4200000001,Retail Trade,14347,13837.59091,-509.4090909
50103,1995 Dec,CEU4200000001,Retail Trade,14588.5,13911.52727,-676.9727273
50104,1996 Jan,CEU4200000001,Retail Trade,13927.7,13943.18182,15.48181818
50105,1996 Feb,CEU4200000001,Retail Trade,13730.7,13960.59091,229.8909091
50106,1996 Mar,CEU4200000001,Retail Trade,13748.1,13969.13636,221.0363636
50107,1996 Apr,CEU4200000001,Retail Trade,13811.7,13974.06364,162.3636364
50108,1996 May,CEU4200000001,Retail Trade,13993.7,13984.9,-8.8
50109,1996 Jun,CEU4200000001,Retail Trade,14107.5,14005.74545,-101.7545455
50110,1996 Jul,CEU4200000001,Retail Trade,14136,14026.45455,-109.5454545
50111,1996 Aug,CEU4200000001,Retail Trade,14167.3,14051.3,-116
50112,1996 Sep,CEU4200000001,Retail Trade,14153.5,14064.7,-88.8
50113,1996 Oct,CEU4200000001,Retail Trade,14327.7,14062.94545,-264.7545455
50114,1996 Nov,CEU4200000001,Retail Trade,14692,14072.35455,-619.6454545
50115,1996 Dec,CEU4200000001,Retail Trade,14956.2,14165.85455,-790.3454545
50116,1997 Jan,CEU4200000001,Retail Trade,14227.1,14210.98182,-16.11818182
50117,1997 Feb,CEU4200000001,Retail Trade,14023.4,14236.00909,212.6090909
50118,1997 Mar,CEU4200000001,Retail Trade,14039.9,14256.75455,216.8545455
50119,1997 Apr,CEU4200000001,Retail Trade,14118.7,14268.11818,149.4181818
50120,1997 May,CEU4200000001,Retail Trade,14241.9,14280.33636,38.43636364
50121,1997 Jun,CEU4200000001,Retail Trade,14339.3,14298.81818,-40.48181818
50122,1997 Jul,CEU4200000001,Retail Trade,14354.7,14315.85455,-38.84545455
50123,1997 Aug,CEU4200000001,Retail Trade,14392,14337.53636,-54.46363636
50124,1997 Sep,CEU4200000001,Retail Trade,14359.5,14340.42727,-19.07272727
50125,1997 Oct,CEU4200000001,Retail Trade,14533,14325.97273,-207.0272727
50126,1997 Nov,CEU4200000001,Retail Trade,14904.1,14321.23636,-582.8636364
50127,1997 Dec,CEU4200000001,Retail Trade,15176.5,14407.54545,-768.9545455
50128,1998 Jan,CEU4200000001,Retail Trade,14455.8,14446.85455,-8.945454545
50129,1998 Feb,CEU4200000001,Retail Trade,14243.3,14465.34545,222.0454545
50130,1998 Mar,CEU4200000001,Retail Trade,14226.1,14475.10909,249.0090909
50131,1998 Apr,CEU4200000001,Retail Trade,14322,14482.39091,160.3909091
50132,1998 May,CEU4200000001,Retail Trade,14471.8,14494.43636,22.63636364
50133,1998 Jun,CEU4200000001,Retail Trade,14568.9,14513.90909,-54.99090909
50134,1998 Jul,CEU4200000001,Retail Trade,14602.1,14533.00909,-69.09090909
50135,1998 Aug,CEU4200000001,Retail Trade,14617,14556.41818,-60.58181818
50136,1998 Sep,CEU4200000001,Retail Trade,14601.4,14562.63636,-38.76363636
50137,1998 Oct,CEU4200000001,Retail Trade,14745.6,14548.22727,-197.3727273
50138,1998 Nov,CEU4200000001,Retail Trade,15114.4,14542.58182,-571.8181818
50139,1998 Dec,CEU4200000001,Retail Trade,15388.3,14627.35455,-760.9454545
50140,1999 Jan,CEU4200000001,Retail Trade,14705.2,14669.34545,-35.85454545
50141,1999 Feb,CEU4200000001,Retail Trade,14567.2,14700.35455,133.1545455
50142,1999 Mar,CEU4200000001,Retail Trade,14574.9,14723.34545,148.4454545
50143,1999 Apr,CEU4200000001,Retail Trade,14695.9,14743.71818,47.81818182
50144,1999 May,CEU4200000001,Retail Trade,14828,14767.27273,-60.72727273
50145,1999 Jun,CEU4200000001,Retail Trade,14931,14797.17273,-133.8272727
50146,1999 Jul,CEU4200000001,Retail Trade,14976.4,14829.84545,-146.5545455
50147,1999 Aug,CEU4200000001,Retail Trade,14991.2,14865.28182,-125.9181818
50148,1999 Sep,CEU4200000001,Retail Trade,14963.5,14885.09091,-78.40909091
50149,1999 Oct,CEU4200000001,Retail Trade,15135.6,14887.01818,-248.5818182
50150,1999 Nov,CEU4200000001,Retail Trade,15504.9,14897.61818,-607.2818182
50151,1999 Dec,CEU4200000001,Retail Trade,15812.9,14998.31818,-814.5818182
50152,2000 Jan,CEU4200000001,Retail Trade,15122.9,15048.83636,-74.06363636
50153,2000 Feb,CEU4200000001,Retail Trade,14918.4,15080.06364,161.6636364
50154,2000 Mar,CEU4200000001,Retail Trade,14944.4,15102.65455,158.2545455
50155,2000 Apr,CEU4200000001,Retail Trade,15090,15126.47273,36.47272727
50156,2000 May,CEU4200000001,Retail Trade,15145.4,15145.96364,0.563636364
50157,2000 Jun,CEU4200000001,Retail Trade,15240.6,15169.98182,-70.61818182
50158,2000 Jul,CEU4200000001,Retail Trade,15242,15192.78182,-49.21818182
50159,2000 Aug,CEU4200000001,Retail Trade,15272.9,15220.90909,-51.99090909
50160,2000 Sep,CEU4200000001,Retail Trade,15239.5,15230.35455,-9.145454545
50161,2000 Oct,CEU4200000001,Retail Trade,15382.9,15219.26364,-163.6363636
50162,2000 Nov,CEU4200000001,Retail Trade,15776.7,15215.97273,-560.7272727
50163,2000 Dec,CEU4200000001,Retail Trade,16027.7,15298.22727,-729.4727273
50164,2001 Jan,CEU4200000001,Retail Trade,15288,15331.82727,43.82727273
50165,2001 Feb,CEU4200000001,Retail Trade,15094.4,15345.46364,251.0636364
50166,2001 Mar,CEU4200000001,Retail Trade,15077,15344.28182,267.2818182
50167,2001 Apr,CEU4200000001,Retail Trade,15046.8,15335.31818,288.5181818
50168,2001 May,CEU4200000001,Retail Trade,15157.7,15327.78182,170.0818182
50169,2001 Jun,CEU4200000001,Retail Trade,15248.1,15328.33636,80.23636364
50170,2001 Jul,CEU4200000001,Retail Trade,15164.8,15318.50909,153.7090909
50171,2001 Aug,CEU4200000001,Retail Trade,15189.7,15313.98182,124.2818182
50172,2001 Sep,CEU4200000001,Retail Trade,15128.4,15290.84545,162.4454545
50173,2001 Oct,CEU4200000001,Retail Trade,15224.1,15240.60909,16.50909091
50174,2001 Nov,CEU4200000001,Retail Trade,15576.1,15199.55455,-376.5454545
50175,2001 Dec,CEU4200000001,Retail Trade,15713.9,15238.27273,-475.6272727
50176,2002 Jan,CEU4200000001,Retail Trade,14985,15228.32727,243.3272727
50177,2002 Feb,CEU4200000001,Retail Trade,14785.9,15201.86364,415.9636364
50178,2002 Mar,CEU4200000001,Retail Trade,14813.9,15180.69091,366.7909091
50179,2002 Apr,CEU4200000001,Retail Trade,14874.5,15154.94545,280.4454545
50180,2002 May,CEU4200000001,Retail Trade,14960.4,15128.79091,168.3909091
50181,2002 Jun,CEU4200000001,Retail Trade,15033.4,15116.84545,83.44545455
50182,2002 Jul,CEU4200000001,Retail Trade,15011.9,15100.68182,88.78181818
50183,2002 Aug,CEU4200000001,Retail Trade,14981.1,15087.29091,106.1909091
50184,2002 Sep,CEU4200000001,Retail Trade,14907.3,15058.49091,151.1909091
50185,2002 Oct,CEU4200000001,Retail Trade,15033.6,15009.17273,-24.42727273
50186,2002 Nov,CEU4200000001,Retail Trade,15383.9,14979.17273,-404.7272727
50187,2002 Dec,CEU4200000001,Retail Trade,15577,15032.99091,-544.0090909
50188,2003 Jan,CEU4200000001,Retail Trade,14859,15039.63636,180.6363636
50189,2003 Feb,CEU4200000001,Retail Trade,14652.3,15024.94545,372.6454545
50190,2003 Mar,CEU4200000001,Retail Trade,14652.4,15004.75455,352.3545455
50191,2003 Apr,CEU4200000001,Retail Trade,14725.9,14983.43636,257.5363636
50192,2003 May,CEU4200000001,Retail Trade,14826.2,14964.6,138.4
50193,2003 Jun,CEU4200000001,Retail Trade,14889.5,14953.47273,63.97272727
50194,2003 Jul,CEU4200000001,Retail Trade,14860.5,14942.50909,82.00909091
50195,2003 Aug,CEU4200000001,Retail Trade,14898.1,14941.67273,43.57272727
50196,2003 Sep,CEU4200000001,Retail Trade,14865.2,14926.36364,61.16363636
50197,2003 Oct,CEU4200000001,Retail Trade,15010.3,14892.4,-117.9
50198,2003 Nov,CEU4200000001,Retail Trade,15315.2,14868.6,-446.6
50199,2003 Dec,CEU4200000001,Retail Trade,15505.2,14927.34545,-577.8545455
50200,2004 Jan,CEU4200000001,Retail Trade,14861.4,14946.35455,84.95454545
50201,2004 Feb,CEU4200000001,Retail Trade,14693.8,14950.11818,256.3181818
50202,2004 Mar,CEU4200000001,Retail Trade,14775.6,14954.63636,179.0363636
50203,2004 Apr,CEU4200000001,Retail Trade,14862.8,14957.96364,95.16363636
50204,2004 May,CEU4200000001,Retail Trade,14987,14966.82727,-20.17272727
50205,2004 Jun,CEU4200000001,Retail Trade,15082,14986.96364,-95.03636364
50206,2004 Jul,CEU4200000001,Retail Trade,15051.3,15000.89091,-50.40909091
50207,2004 Aug,CEU4200000001,Retail Trade,15054.8,15018.12727,-36.67272727
50208,2004 Sep,CEU4200000001,Retail Trade,14996.2,15016.84545,20.64545455
50209,2004 Oct,CEU4200000001,Retail Trade,15154.5,15002.23636,-152.2636364
50210,2004 Nov,CEU4200000001,Retail Trade,15526.2,15004.14545,-522.0545455
50211,2004 Dec,CEU4200000001,Retail Trade,15707.1,15081.02727,-626.0727273
50212,2005 Jan,CEU4200000001,Retail Trade,15051.1,15113.50909,62.40909091
50213,2005 Feb,CEU4200000001,Retail Trade,14911.9,15125.9,214
50214,2005 Mar,CEU4200000001,Retail Trade,14955.6,15134.33636,178.7363636
50215,2005 Apr,CEU4200000001,Retail Trade,15068.9,15141.78182,72.88181818
50216,2005 May,CEU4200000001,Retail Trade,15194.5,15152.00909,-42.49090909
50217,2005 Jun,CEU4200000001,Retail Trade,15300.1,15174.62727,-125.4727273
50218,2005 Jul,CEU4200000001,Retail Trade,15327.6,15199.42727,-128.1727273
50219,2005 Aug,CEU4200000001,Retail Trade,15348.8,15231.48182,-117.3181818
50220,2005 Sep,CEU4200000001,Retail Trade,15226.4,15238.01818,11.61818182
50221,2005 Oct,CEU4200000001,Retail Trade,15348.9,15221.9,-127
50222,2005 Nov,CEU4200000001,Retail Trade,15741.9,15225.06364,-516.8363636
50223,2005 Dec,CEU4200000001,Retail Trade,15938.4,15305.72727,-632.6727273
50224,2006 Jan,CEU4200000001,Retail Trade,15245.6,15336.06364,90.46363636
50225,2006 Feb,CEU4200000001,Retail Trade,15067.2,15346.20909,279.0090909
50226,2006 Mar,CEU4200000001,Retail Trade,15150.1,15353.59091,203.4909091
50227,2006 Apr,CEU4200000001,Retail Trade,15171.3,15351.48182,180.1818182
50228,2006 May,CEU4200000001,Retail Trade,15253.8,15347.27273,93.47272727
50229,2006 Jun,CEU4200000001,Retail Trade,15332.6,15347.72727,15.12727273
50230,2006 Jul,CEU4200000001,Retail Trade,15326.4,15345.69091,19.29090909
50231,2006 Aug,CEU4200000001,Retail Trade,15337.2,15355.76364,18.56363636
50232,2006 Sep,CEU4200000001,Retail Trade,15235.3,15345.43636,110.1363636
50233,2006 Oct,CEU4200000001,Retail Trade,15386,15313.08182,-72.91818182
50234,2006 Nov,CEU4200000001,Retail Trade,15813.5,15301.72727,-511.7727273
50235,2006 Dec,CEU4200000001,Retail Trade,15982.4,15368.70909,-613.6909091
50236,2007 Jan,CEU4200000001,Retail Trade,15342.5,15393.73636,51.23636364
50237,2007 Feb,CEU4200000001,Retail Trade,15182,15396.63636,214.6363636
50238,2007 Mar,CEU4200000001,Retail Trade,15301,15408.42727,107.4272727
50239,2007 Apr,CEU4200000001,Retail Trade,15327.3,15415.10909,87.80909091
50240,2007 May,CEU4200000001,Retail Trade,15462.9,15426.95455,-35.94545455
50241,2007 Jun,CEU4200000001,Retail Trade,15511.5,15443.78182,-67.71818182
50242,2007 Jul,CEU4200000001,Retail Trade,15514.4,15459.89091,-54.50909091
50243,2007 Aug,CEU4200000001,Retail Trade,15538.3,15487.43636,-50.86363636
50244,2007 Sep,CEU4200000001,Retail Trade,15440.9,15492.42727,51.52727273
50245,2007 Oct,CEU4200000001,Retail Trade,15529,15466.56364,-62.43636364
50246,2007 Nov,CEU4200000001,Retail Trade,15994.6,15467.67273,-526.9272727
50247,2007 Dec,CEU4200000001,Retail Trade,16162,15542.17273,-619.8272727
50248,2008 Jan,CEU4200000001,Retail Trade,15464.1,15567.81818,103.7181818
50249,2008 Feb,CEU4200000001,Retail Trade,15231.2,15561.47273,330.2727273
50250,2008 Mar,CEU4200000001,Retail Trade,15284.9,15557.61818,272.7181818
50251,2008 Apr,CEU4200000001,Retail Trade,15247.6,15538.04545,290.4454545
50252,2008 May,CEU4200000001,Retail Trade,15302,15519,217
50253,2008 Jun,CEU4200000001,Retail Trade,15342.8,15503.4,160.6
50254,2008 Jul,CEU4200000001,Retail Trade,15308.5,15482.50909,174.0090909
50255,2008 Aug,CEU4200000001,Retail Trade,15270.9,15467.05455,196.1545455
50256,2008 Sep,CEU4200000001,Retail Trade,15099.4,15428,328.6
50257,2008 Oct,CEU4200000001,Retail Trade,15138.1,15350.13636,212.0363636
50258,2008 Nov,CEU4200000001,Retail Trade,15351.7,15276.47273,-75.22727273
50259,2008 Dec,CEU4200000001,Retail Trade,15424.4,15272.86364,-151.5363636
50260,2009 Jan,CEU4200000001,Retail Trade,14688.6,15223.53636,534.9363636
50261,2009 Feb,CEU4200000001,Retail Trade,14439,15146.63636,707.6363636
50262,2009 Mar,CEU4200000001,Retail Trade,14410.6,15070.54545,659.9454545
50263,2009 Apr,CEU4200000001,Retail Trade,14399.6,14988.50909,588.9090909
50264,2009 May,CEU4200000001,Retail Trade,14495.4,14911.47273,416.0727273
50265,2009 Jun,CEU4200000001,Retail Trade,14543.5,14841.92727,298.4272727
50266,2009 Jul,CEU4200000001,Retail Trade,14489.3,14770.87273,281.5727273
50267,2009 Aug,CEU4200000001,Retail Trade,14495.3,14715.95455,220.6545455
50268,2009 Sep,CEU4200000001,Retail Trade,14367.5,14645.9,278.4
50269,2009 Oct,CEU4200000001,Retail Trade,14413,14560.56364,147.5636364
50270,2009 Nov,CEU4200000001,Retail Trade,14729.7,14497.40909,-232.2909091
50271,2009 Dec,CEU4200000001,Retail Trade,14863.7,14513.32727,-350.3727273
50272,2010 Jan,CEU4200000001,Retail Trade,14290.5,14499.82727,209.3272727
50273,2010 Feb,CEU4200000001,Retail Trade,14123,14473.68182,350.6818182
50274,2010 Mar,CEU4200000001,Retail Trade,14209.3,14456.38182,247.0818182
50275,2010 Apr,CEU4200000001,Retail Trade,14269.1,14435.80909,166.7090909
50276,2010 May,CEU4200000001,Retail Trade,14380.1,14420.95455,40.85454545
50277,2010 Jun,CEU4200000001,Retail Trade,14441.8,14416.63636,-25.16363636
50278,2010 Jul,CEU4200000001,Retail Trade,14445.1,14412.07273,-33.02727273
50279,2010 Aug,CEU4200000001,Retail Trade,14463.7,14420.81818,-42.88181818
50280,2010 Sep,CEU4200000001,Retail Trade,14361,14416.09091,55.09090909
50281,2010 Oct,CEU4200000001,Retail Trade,14510.5,14396.16364,-114.3363636
50282,2010 Nov,CEU4200000001,Retail Trade,14849.9,14394.90909,-454.9909091
50283,2010 Dec,CEU4200000001,Retail Trade,15008.4,14460.17273,-548.2272727
50284,2011 Jan,CEU4200000001,Retail Trade,14448.6,14489.77273,41.17272727
50285,2011 Feb,CEU4200000001,Retail Trade,14282.5,14496.42727,213.9272727
50286,2011 Mar,CEU4200000001,Retail Trade,14349.3,14503.71818,154.4181818
50287,2011 Apr,CEU4200000001,Retail Trade,14489,14513.61818,24.61818182
50288,2011 May,CEU4200000001,Retail Trade,14588.7,14526.97273,-61.72727273
50289,2011 Jun,CEU4200000001,Retail Trade,14682.3,14548.53636,-133.7636364
50290,2011 Jul,CEU4200000001,Retail Trade,14718,14571.65455,-146.3454545
50291,2011 Aug,CEU4200000001,Retail Trade,14717.5,14604.06364,-113.4363636
50292,2011 Sep,CEU4200000001,Retail Trade,14617.2,14613.76364,-3.436363636
50293,2011 Oct,CEU4200000001,Retail Trade,14751.7,14604.83636,-146.8636364
50294,2011 Nov,CEU4200000001,Retail Trade,15142.3,14617.00909,-525.2909091
50295,2011 Dec,CEU4200000001,Retail Trade,15296.7,14694.10909,-602.5909091
50296,2012 Jan,CEU4200000001,Retail Trade,14734.5,14735.2,0.7
50297,2012 Feb,CEU4200000001,Retail Trade,14520.3,14750.74545,230.4454545
50298,2012 Mar,CEU4200000001,Retail Trade,14580.3,14759.04545,178.7454545
50299,2012 Apr,CEU4200000001,Retail Trade,14670.4,14766.47273,96.07272727
50300,2012 May,CEU4200000001,Retail Trade,14775.5,14774.94545,-0.554545455
50301,2012 Jun,CEU4200000001,Retail Trade,14815.9,14783.84545,-32.05454545
50302,2012 Jul,CEU4200000001,Retail Trade,14807.7,14792.04545,-15.65454545
50303,2012 Aug,CEU4200000001,Retail Trade,14815.2,14810.04545,-5.154545455
50304,2012 Sep,CEU4200000001,Retail Trade,14738.9,14808.88182,69.98181818
50305,2012 Oct,CEU4200000001,Retail Trade,14877.7,14784.82727,-92.87272727
50306,2012 Nov,CEU4200000001,Retail Trade,15363,14790.85455,-572.1454545
50307,2012 Dec,CEU4200000001,Retail Trade,15462.5,14857.03636,-605.4636364
50308,2013 Jan,CEU4200000001,Retail Trade,14858.2,14887.75455,29.55454545
50309,2013 Feb,CEU4200000001,Retail Trade,14672.3,14896.11818,223.8181818
50310,2013 Mar,CEU4200000001,Retail Trade,14711.7,14899.87273,188.1727273
50311,2013 Apr,CEU4200000001,Retail Trade,14808.6,14902.88182,94.28181818
50312,2013 May,CEU4200000001,Retail Trade,14932.3,14913.46364,-18.83636364
50313,2013 Jun,CEU4200000001,Retail Trade,15045.2,14935.05455,-110.1454545
50314,2013 Jul,CEU4200000001,Retail Trade,15097.3,14960.7,-136.6
50315,2013 Aug,CEU4200000001,Retail Trade,15131.7,14996.40909,-135.2909091
50316,2013 Sep,CEU4200000001,Retail Trade,15052.6,15012.30909,-40.29090909
50317,2013 Oct,CEU4200000001,Retail Trade,15212.3,14998.60909,-213.6909091
50318,2013 Nov,CEU4200000001,Retail Trade,15655.3,15016.13636,-639.1636364
50319,2013 Dec,CEU4200000001,Retail Trade,15839.4,15105.33636,-734.0636364
50320,2014 Jan,CEU4200000001,Retail Trade,15170.7,15150.64545,-20.05454545
50321,2014 Feb,CEU4200000001,Retail Trade,14951.8,15172.47273,220.6727273
50322,2014 Mar,CEU4200000001,Retail Trade,15015.4,15191.27273,175.8727273
50323,2014 Apr,CEU4200000001,Retail Trade,15137,15209.88182,72.88181818
50324,2014 May,CEU4200000001,Retail Trade,15238.9,15227.49091,-11.40909091
50325,2014 Jun,CEU4200000001,Retail Trade,15354.6,15250.88182,-103.7181818
50326,2014 Jul,CEU4200000001,Retail Trade,15389.2,15274.29091,-114.9090909
50327,2014 Aug,CEU4200000001,Retail Trade,15380.4,15304.09091,-76.30909091
50328,2014 Sep,CEU4200000001,Retail Trade,15298.8,15311.95455,13.15454545
50329,2014 Oct,CEU4200000001,Retail Trade,15481.6,15296.16364,-185.4363636
50330,2014 Nov,CEU4200000001,Retail Trade,15894.3,15301.15455,-593.1454545
50331,2014 Dec,CEU4200000001,Retail Trade,16048.1,15380.91818,-667.1818182
50332,2015 Jan,CEU4200000001,Retail Trade,15421.1,15423.58182,2.481818182
50333,2015 Feb,CEU4200000001,Retail Trade,15244.9,15444.44545,199.5454545
50334,2015 Mar,CEU4200000001,Retail Trade,15311.7,15460.32727,148.6272727
50335,2015 Apr,CEU4200000001,Retail Trade,15401.8,15475.13636,73.33636364
50336,2015 May,CEU4200000001,Retail Trade,15530.3,15491.10909,-39.19090909
50337,2015 Jun,CEU4200000001,Retail Trade,15620.5,15512.13636,-108.3636364
50338,2015 Jul,CEU4200000001,Retail Trade,15647,15536.37273,-110.6272727
50339,2015 Aug,CEU4200000001,Retail Trade,15626.3,15566.14545,-60.15454545
50340,2015 Sep,CEU4200000001,Retail Trade,15513.4,15569.03636,55.63636364
50341,2015 Oct,CEU4200000001,Retail Trade,15696.8,15551.08182,-145.7181818
50342,2015 Nov,CEU4200000001,Retail Trade,16095.8,15555.41818,-540.3818182
50343,2015 Dec,CEU4200000001,Retail Trade,16221.5,15628.18182,-593.3181818
50344,2016 Jan,CEU4200000001,Retail Trade,15625.7,15662.8,37.1
50345,2016 Feb,CEU4200000001,Retail Trade,15486.6,15678.7,192.1
50346,2016 Mar,CEU4200000001,Retail Trade,15576.8,15694.60909,117.8090909
50347,2016 Apr,CEU4200000001,Retail Trade,15648.7,15705.37273,56.67272727
50348,2016 May,CEU4200000001,Retail Trade,15745.7,15716.75455,-28.94545455
50349,2016 Jun,CEU4200000001,Retail Trade,15851.8,15735.37273,-116.4272727
50350,2016 Jul,CEU4200000001,Retail Trade,15874.4,15757.92727,-116.4727273
50351,2016 Aug,CEU4200000001,Retail Trade,15864.6,15789.85455,-74.74545455
50352,2016 Sep,CEU4200000001,Retail Trade,15750.3,15794.71818,44.41818182
50353,2016 Oct,CEU4200000001,Retail Trade,15899.5,15776.87273,-122.6272727
50354,2016 Nov,CEU4200000001,Retail Trade,16260.2,15780.39091,-479.8090909
50355,2016 Dec,CEU4200000001,Retail Trade,16394.3,15850.26364,-544.0363636
50356,2017 Jan,CEU4200000001,Retail Trade,15854.4,15883.7,29.3
50357,2017 Feb,CEU4200000001,Retail Trade,15627.9,15888.34545,260.4454545
50358,2017 Mar,CEU4200000001,Retail Trade,15635,15887.1,252.1
50359,2017 Apr,CEU4200000001,Retail Trade,15686.6,15881.72727,195.1272727
50360,2017 May,CEU4200000001,Retail Trade,15759.5,15873.33636,113.8363636
50361,2017 Jun,CEU4200000001,Retail Trade,15843,15870.48182,27.48181818
50362,2017 Jul,CEU4200000001,Retail Trade,15841.1,15868.34545,27.24545455
50363,2017 Aug,CEU4200000001,Retail Trade,15810.2,15873.79091,63.59090909
50364,2017 Sep,CEU4200000001,Retail Trade,15679.3,15853.77273,174.4727273
50365,2017 Oct,CEU4200000001,Retail Trade,15819.9,15813.74545,-6.154545455
50366,2017 Nov,CEU4200000001,Retail Trade,16285.8,15803.88182,-481.9181818
50367,2017 Dec,CEU4200000001,Retail Trade,16305.9,15844.92727,-460.9727273
50368,2018 Jan,CEU4200000001,Retail Trade,15718.6,15853.17273,134.5727273
50369,2018 Feb,CEU4200000001,Retail Trade,15577,15847.9,270.9
50370,2018 Mar,CEU4200000001,Retail Trade,15610.8,15841.00909,230.2090909
50371,2018 Apr,CEU4200000001,Retail Trade,15681.4,15833.90909,152.5090909
50372,2018 May,CEU4200000001,Retail Trade,15797.2,15829.74545,32.54545455
50373,2018 Jun,CEU4200000001,Retail Trade,15844.9,15830.09091,-14.80909091
50374,2018 Jul,CEU4200000001,Retail Trade,15854.5,15834.11818,-20.38181818
50375,2018 Aug,CEU4200000001,Retail Trade,15834.9,15848.26364,13.36363636
50376,2018 Sep,CEU4200000001,Retail Trade,15680.6,15835.6,155
50377,2018 Oct,CEU4200000001,Retail Trade,15796.5,15791.11818,-5.381818182
50378,2018 Nov,CEU4200000001,Retail Trade,16291.3,15789.79091,-501.5090909
50379,2018 Dec,CEU4200000001,Retail Trade,16309.2,15843.48182,-465.7181818
50380,2019 Jan,CEU4200000001,Retail Trade,15753.5,15859.52727,106.0272727
50381,2019 Feb,CEU4200000001,Retail Trade,15567.4,15855.58182,288.1818182
50382,2019 Mar,CEU4200000001,Retail Trade,15576.6,15846.05455,269.4545455
50383,2019 Apr,CEU4200000001,Retail Trade,15624.9,15830.39091,205.4909091
50384,2019 May,CEU4200000001,Retail Trade,15691.6,15816.45455,124.8545455
50385,2019 Jun,CEU4200000001,Retail Trade,15775.5,15809.27273,33.77272727
50386,2019 Jul,CEU4200000001,Retail Trade,15785.9,15804.81818,18.91818182
50387,2019 Aug,CEU4200000001,Retail Trade,15749.5,15811.08182,61.58181818
50388,2019 Sep,CEU4200000001,Retail Trade,15611.3,15794.24545,182.9454545
